fileName,type,ns_road,proj_num,sheet_num,intersection,ew_road,crnr_pstn,ramp_position,comments,inspector_sig,print_name,agency,nspctn_dt,certification,blank,runslope_1,runslope_1_pf,cross_slope1,crss_slp1_pf,dtctbl_wrnng,lip_height,lip_height_pf,gutter_flow,gttr_flw_pf,curb_slope,curb_slope_pf,counter_slope,cntr_slp_pf,dpt_wrnng_wdth,runslope_2,runslope_2_pf,Length2,cross_slope2,crss_slp2_pf,runslope_3,runslope_3_pf,Length3,cross_slope3,crss_slp3_pf,widthx,widthx_pf,Length Y,lengthy_pf,obstruction,bstrctn_pf,slopex,slopex_pf,slopey,slopey_pf,clear_width,clearwidth_pf,ntrsctn_cntrl,road_slope,hrzntl_gps,hrzntl_gps_pf,Object ID,warning2curb,wrnng_fllwdth,Length1,flare_slope1,flr_slp1_pf,flr_slp1_trv,flare_slope2,flr_slp2_pf,flr_slp2_trv,long_dist,long_dist_pf,dtctbl_wrnng2,turn_landing,cal_date,globalid
11,parallel,NW Curtis St,23885.56,9,,NW Pacific,,,"midblock west side, IITD",,Darrell Wyant,3J Consulting,7/10/2024,52638,,0.5,pass,1.6,pass,N,0,pass,1.6,pass,5.2,pass,8.5,fail,Y,5.8,pass,7.4,2.6,fail,8.5,fail,7.45,1.4,pass,5,pass,5,pass,Y,pass,1.6,pass,0.5,pass,5,pass,SU,1.8,,pass,,,,,,,,,,,,,,,7/11/2024,{2026AF6F-4D99-47AA-852B-922342AF5FF2}
12,parallel,NW Curtis ,23885.56,10,,NW Pacific,,,midblock east side,,Darrell Wyant,3J Consulting,7/10/2024,52638,,1.7,pass,1.7,pass,N,0,pass,0.7,pass,7.18,pass,5.5,fail,Y,7.5,pass,7.6,2.3,fail,5.6,pass,7.7,1.6,pass,5,pass,5,pass,Y,pass,1.7,pass,1.7,pass,5,pass,SU,1,,pass,,,,,,,,,,,,,,,7/11/2024,{6B7BB929-BBC7-46F8-8E12-6D7216F12687}
13,combination,NW Curtis,23885.56,11,,NW Pacific,1,1,Ramp run 3-crack in walking path,,Darrell Wyant,3J Consulting,7/10/2024,52638,,3.1,pass,2.1,fail,N,0,pass,1.9,pass,7.92,pass,4.9,pass,,9,fail,8,3,fail,1.8,pass,8.05,1.1,pass,4,pass,1.9,fail,N,,,,,,1.9,fail,SY,2.1,,pass,,,,5,8.4,pass,Y,3.7,pass,Y,,,,,7/11/2024,{88CB7A35-37AD-4D11-844E-6FE1934C3B99}
14,combination,NW Curtis,23885.56,12,,NW Pacific,4,1,"Ramp run 2, Ramp run 3, clear width less than 3ft",,Darrell Wyant,3J Consulting,7/10/2024,52638,,3.5,pass,5,8,N,0,pass,6.9,fail,8.66,fail,4.9,pass,,16.2,fail,4.75,3.1,fail,3.2,pass,5.55,2.2,fail,4,pass,1.65,fail,N,fail,8.2,fail,2.2,fail,1.65,fail,SY,6.6,N,pass,,,,5,11.2,fail,Y,3.2,pass,Y,,,,,7/11/2024,{77612804-67AD-4A99-83B2-0CD7484DB639}
15,combination,NW 307th,23885.56,13,,NW Pacific,2,1,IITD,,Darrell Wyant,3J Consulting,7/10/2024,52638,,7.3,pass,0.8,pass,Y,0,pass,1.2,pass,4.9,pass,5.3,fail,,5.3,pass,6.15,2.2,fail,1.6,pass,5,1.1,pass,5.25,pass,5,pass,N,pass,2.2,fail,2.8,fail,5,pass,SY,0.7,N,pass,,,,,,,,,,,,,,,7/11/2024,{CEDAA23F-BA10-446E-8BC8-21C8071FDA01}
16,combination,NW 307th,23886.56,14,,NW Pacific,3,1,"TD not full width, more than 2"", RR3- CRK",,Darrell Wyant,3J Consulting,7/10/2024,52638,,8.8,fail,1.4,pass,Y,0,pass,1.1,pass,1.98,pass,6.3,fail,,11.7,fail,5.5,3.4,fail,8.6,fail,12.5,1.5,fail,3,fail,5,pass,N,,3,fail,2.1,fail,3,fail,SY,0.4,,pass,,,,3.4,,,,,,,,,,,7/11/2024,{BC513B1D-8F1A-497E-88A0-B45C2A5B194B}
17,combination,NW 307th,23885.56,15,,NW Pacific,4,1,"RR2/RR3 clear width 74', IITD",,Darrell Wyant,3J Consulting,7/10/2024,52638,,1.7,pass,2.5,fail,N,0,pass,1.4,pass,1.78,pass,4,pass,,8.6,fail,4.75,2.3,fail,5.2,fpass,4.9,0.4,pass,3.45,fail,3.25,fail,N,,2.6,fail,0.4,pass,3.25,fail,SY,0.9,N,pass,,,,5,8.3,pass,Y,4.3,pass,Y,,,,,7/11/2024,{B8421DC6-6A80-4B5C-843E-B1D5019817E5}
18,parallel,NW 307th,23885.56,16,,Eggiman Ct,1,1,"Poor craftsmanship, RR2, IITD",,Darrell Wyant,3J Consulting,7/10/2024,52638,,0.9,pass,2.7,fail,N,0,pass,1.2,pass,0.8,pass,5.8,fail,Y,8.5,fail,4.2,0.8,pass,5,pass,4.35,1.9,pass,4.95,pass,7.45,pass,N,,2.7,fail,0.9,pass,4.95,pass,SY,0.1,0,pass,,,,,,,,,,,,,,,7/11/2024,{13937062-48F9-4974-8EEC-EDB2EBD62350}
19,parallel,NW 307th,23885.56,17,,Eggiman Ct,2,1,IITD,,Darrell Wyant,3J Consulting,7/10/2024,52638,,1.8,pass,2.3,fail,N,0,pass,2.1,pfail,5.74,pass,3.7,pass,N,3.7,pass,7.1,1.8,pass,17.3,fail,8.2,2.1,fail,4.6,pass,7.1,pass,N,,2.3,fail,1.8,pass,4.6,pass,SY,3.3,0,pass,,,,,,,,,,,,,,,7/11/2024,{4ED999F8-7C33-49E9-BD7D-C1E3876F01C2}
20,parallel,,23885.56,,,,,,,,Darrell Wyant,3J Consulting,7/16/2024,52638,,556,fail,,,,,,566,pass,,pass,,pass,Y,,pass,,,pass,,pass,,,pass,,,,,,,556,,,,,,,,,,20,,,,,,,,,,,,,,7/16/2024,{F121C5F7-1270-45A4-8C80-F68C4D09A8B5}
23,combination,NW 307th,23885.56,,,NW Kaybern ,,,"DWS IITD, TS Large Crack, Puddle in gutter at Ramp",,Darrell Wyant,3J Consulting,7/16/2024,52638,,,,,,Y,0,pass,7.1,fail,4.56,pass,7.3,fail,,24.5,fail,7.6,,,7,pass,10.15,2.2,fail,4.75,pass,4.95,pass,N,pass,1.8,pass,3.3,fail,,,SY,2.3,0,pass,23,,Y,3.5,,pass,Y,,pass,Y,,,,,7/16/2024,{9F8C7318-0F26-4C64-8BDA-A26E91D48DB0}
24,combination,NW 306th,23885.56,,,NW Kaybern,1,1,,,Darrell Wyant,3J Consulting,7/16/2024,52638,,8.1,pass,1.3,pass,Y,0,pass,1.1,pass,4.06,pass,3.4,pass,,3.5,pass,6.3,2.8,fail,6.7,pass,7.2,1.9,pass,5,pass,5,pass,N,,2.2,fail,1.5,pass,5,pass,SU,1.2,0,pass,24,,Y,3.5,7.8,pass,Y,8.6,pass,Y,,,,,7/16/2024,{331B2709-FC3A-4331-8D0C-EF9DB849F0BF}
25,combination,NW 306th,23885.56,,,NW Kaybern,4,1,,,Darrell Wyant,3J Consulting,7/16/2024,52638,,3.5,fail,,,Y,0,,2.3,pass,5.06,pass,3.7,pass,,11.4,fail,12.7,,,6.2,pass,5.9,3.3,fail,5,pass,7.3,pass,N,pass,3.5,fail,,,5,pass,SU,0.2,0,pass,25,,Y,,11.1,fail,Y,,pass,Y,,,,,7/16/2024,{0DC8E721-7FD9-4D73-8317-86DD37DA693C}
26,parallel,,23885.56,,,,4,1,"DWS IITD Fails turn space, RR to nowhere ",,Darrell Wyant,3J Consulting,7/16/2024,52638,,,,,,Y,0,pass,1.7,pass,4.58,pass,3.9,pass,Y,5.6,pass,7.1,0.8,pass,9.2,fail,7.5,,,5,pass,5,pass,N,pass,,,,,5,pass,SU,0.3,0,pass,26,,,,,,,,,,,,,,7/16/2024,{E461C8DC-FDA8-4F6B-8FFA-5DB0B705F11A}
27,parallel,NW West Union,23885.56,,,NW Stewart LN,3,1,DWS IITD Fails turn space,,Darrell Wyant,3J Consulting,7/16/2024,52638,,,,,,Y,0,pass,0.4,pass,3.96,pass,5.9,fail,Y,9.6,fail,10.1,,,5.1,pass,7.1,2,pass,5,pass,5,pass,N,pass,,,,,5,pass,SY,0.2,0,,27,,,,,,,,,,,,,,7/16/2024,{92F45811-C40F-4AB2-8E0E-6325396976AD}
28,combination,NWWest Union,23885.56,,,NW Stewart,,,28 on paper ,,Darrell Wyant,3J Consulting,7/16/2024,52638,,,,,,,,,,,,,,,,,,,,,,,,,,,,,,,,,,,,,,,,,,28,,Y,,,pass,Y,,pass,Y,,,,,7/16/2024,{7BA89273-5C35-4A4B-89C2-5DCD8E367482}
29,parallel,NW Main ,23885.56,,,NW Lenox,2,1,DWS IITD,,Darrell Wyant,3J Consulting,7/16/2024,52638,,,,,,Y,0,pass,1.4,pass,8.04,pass,7.1,fail,Y,,,,,,10.1,fail,7.2,,,5,pass,6.25,pass,N,,,,,,5,pass,SY,0,0,,29,,,,,,,,,,,,,,7/16/2024,{4864D88E-A4DE-4C75-8D1D-E7B3EDCD6465}
30,perpendicular,NW Main,23885.56,,,NW Lenox,2,2,DWS IITD Fails RR 1,,Darrell Wyant,3J Consulting,7/16/2024,52638,,,pass,,pass,Y,0,pass,2.8,pass,1.74,pass,6.9,fail,,,,,,,,,,,,4.55,pass,5.95,pass,N,pass,,pass,2.5,fail,4.55,pass,SU,2.7,0,pass,30,,,4.7,3.4,pass,Y,7.4,pass,Y,,fail,Y,none,7/16/2024,{B80F0DC8-1D2F-458F-8B67-B82B92062C63}
31,perpendicular,NW Main,23885.56,,,NW Lenox,,,DWS IITD Fails RR 1,,Darrell Wyant,3J Consulting,7/16/2024,52638,,,pass,,pass,Y,0,pass,2.3,pass,6.92,pass,8.8,fail,,,,,,,,,,,,5.1,pass,6,pass,N,pass,2.9,fail,,pass,5,pass,SU,2.2,0,pass,31,,,5.35,8,pass,Y,1.9,pass,Y,,fail,Y,turn-space,7/16/2024,{7254CFB5-D3FB-4B27-87F2-C0D3CF47DFB5}
32,parallel,NW Main,23885.56,,,NW Lenox,3,2,DWS IITD Fails RR 1,,Darrell Wyant,3J Consulting,7/16/2024,52638,,,pass,,pass,Y,0,pass,7.9,fail,4.32,pass,7.8,fail,Y,15.4,fail,20.5,,pass,,pass,,,pass,4.65,pass,10.15,pass,Y,pass,6.4,fail,3.3,fail,4.65,pass,SY,7.2,0,pass,32,,,,,,,,,,,,,,7/16/2024,{82994E89-24C1-42E6-8D13-0EE329EF505F}
33,parallel,NW Main,23885.56,,,NW Lenox,4,2,DWS IITD Fails RR 1,,Darrell Wyant,3J Consulting,7/16/2024,52638,,,,,,Y,0,pass,5.3,fail,8.1,pass,6.9,fail,Y,11.1,fail,7.05,,,3.6,pass,7.2,0.8,pass,4.9,pass,6.1,pass,N,pass,,,,,4.9,pass,SY,5,0,pass,33,,,,,,,,,,,,,,7/16/2024,{1C3CFCEF-7F7A-429C-8C75-472609B83190}
34,perpendicular,NW Main,23885.56,,,NW Lenox,4,1,DWS IITD Fails RR 1,,Darrell Wyant,3J Consulting,7/16/2024,52638,,,pass,,pass,Y,0,pass,3.3,pass,7.62,pass,9.9,fail,,,,,,,,,,,,3.65,fail,5.9,pass,Y,pass,,pass,2.2,fail,3.65,fail,SU,3,0,pass,34,,,4.75,8.5,pass,Y,1.2,pass,Y,,pass,Y,turn-space,7/16/2024,{A48B3C50-B188-4171-8475-AD260BF5997A}
35,perpendicular,NW Main,23885.56,,,NW Lenox,1,1,DWS IITD Fails RR 1,,Darrell Wyant,3J Consulting,7/16/2024,52638,,,pass,,pass,Y,0,pass,5.1,fail,1.8,pass,7.6,fail,,,,,,,,,,,,5.2,pass,5.75,pass,N,pass,2.7,pass,,pass,5.2,pass,SU,4.9,0,pass,35,,,5.1,2.7,pass,Y,10.1,pass,Y,,fail,Y,turn-space,7/16/2024,{1634E9DA-D029-4F29-864C-BFA5912F7402}
36,parallel,NW Main,23885.56,,,NW Lenox,1,2,"DWS IITD Fails Turn and RR 1, ICRR 2",,Darrell Wyant,3J Consulting,7/16/2024,52638,,,pass,,pass,Y,0,pass,1.6,pass,9.7,fail,4.7,pass,Y,,pass,7.4,,pass,,pass,,,pass,5,pass,6.05,pass,N,pass,,pass,,pass,5,pass,SY,0.6,0,pass,36,,,,,,,,,,,,,,7/16/2024,{84B8AE6F-B779-4E80-89BE-C01C7347651D}
37,parallel,NW Timeric,23885.56,,,NW Lenox,2,1,NO DWS Fail RR and Turn Space,,Darrell Wyant,3J Consulting,7/16/2024,52638,,,,,,N,0.5,fail,2.7,pass,4.74,,12.9,fail,N,,,6.3,4.1,fail,,,7.35,10,fail,4.9,pass,5,pass,N,,,,,,4.9,pass,SU,3.3,,,37,,,,,,,,,,,,,,7/16/2024,{E6FE0952-B98F-4E83-8E96-D05659B03FDE}
38,parallel,NW Timeric,23885.56,,,NW Lenux ,3,1,NTD Fails RR 1 and Turn space,,Darrell Wyant,3J Consulting,7/16/2024,52638,,,,,,N,0,pass,1,pass,11.5,fail,11.3,fail,N,,,7.15,7.3,fail,,,6.9,7.1,fail,3.5,fail,4.85,pass,N,,,,,,3.5,fail,SU,1,0,pass,38,,,,,,,,,,,,,,7/16/2024,{8A9CD2BB-E525-4A8B-8930-A5654D3DA932}
39,parallel,NW Timeric,23885.56,,,NW Belgium ,1,1,NTD RR1 TS Fail,,Darrell Wyant,3J Consulting,7/16/2024,52638,,,,,,N,0.5,fail,2.1,fail,9.72,fail,3.7,pass,N,,,5.7,9.3,fail,,,7.1,11.2,fail,4.1,pass,5,pass,N,,,,,,4.1,pass,SY,1.7,0,pass,39,,,,,,,,,,,,,,7/16/2024,{2E31F6A3-5A27-4679-87B7-06EAA97D7C17}
40,parallel,NW Timeric,23885.56,,,NW Belgium ,2,1,NTD Fail RR 1 And TS,,Darrell Wyant,3J Consulting,7/16/2024,52638,,,,,,N,1,fail,0.5,pass,9.92,fail,0.8,pass,N,,,6,3.9,fail,,,7.95,3.3,fail,3.45,fail,5,pass,N,,,,,,3.45,fail,SY,0.5,0,pass,40,,,,,,,,,,,,,,7/16/2024,{20133B83-D6D3-47D8-87BB-8569867CD16E}
41,parallel,NW Timeric,23885.56,,,NW North,1,1,NTD RR1 TS Fail,,Darrell Wyant,3J Consulting,7/16/2024,52638,,,,,,N,0,pass,4.3,fail,7.74,,5.6,fail,N,,,5.4,7.3,fail,,,6.25,9.7,fail,4,pass,5.1,pass,N,,,,,,4,pass,SY,5.1,0,pass,41,,,,,,,,,,,,,,7/16/2024,{5BC4DC15-FEAE-49AF-8DB0-B99C301FA6B5}
42,parallel,NW Timeric,23885.56,,,NW North,4,1,NTD RR1 TS Fail,,Darrell Wyant,3J Consulting,7/16/2024,52638,,,,,,N,0,pass,1.9,pass,7.52,pass,4.3,pass,N,,,5.9,7.1,fail,,,5.7,5.7,fail,3.85,fail,5.1,pass,N,pass,,,,,3.85,fail,SY,3.3,0,pass,42,,,,,,,,,,,,,,7/16/2024,{6EA67E67-AB4A-43AF-8530-5505017C6231}
43,perpendicular,NW 293rd,23885.56,,,NW Keenon,1,1,,,Darrell Wyant,3J Consulting,7/16/2024,52638,,7.6,pass,1.1,pass,Y,0,pass,2.6,fail,2.2,pass,3.8,pass,,,,,,,,,,,,6.55,pass,5.95,pass,N,pass,2.1,fail,,fail,5.95,pass,SY,0.6,0,pass,43,,,8.2,,pass,Y,,pass,Y,1.6,pass,Y,turn-space,7/16/2024,{00EFE73E-675A-4471-86D6-5DA978D99C07}
44,perpendicular,Nw 293rd,23885.56,,,NW Keenon,1,2,Control joint center of TS,,Darrell Wyant,3J Consulting,7/16/2024,52638,,8.4,fail,,pass,Y,0,pass,1.6,pass,1.16,pass,4.6,pass,,,,,,,,,,,,6.35,pass,6.15,pass,N,pass,2.7,fail,,pass,6.15,pass,SU,0.3,0,pass,44,,,7,,pass,Y,,pass,Y,1.8,pass,Y,turn-space,7/16/2024,{1CFAF4D4-85CC-498C-880F-C5C69E518A13}
45,perpendicular,NW 293rd,23885.56,,,NW Keenon,2,1,,,Darrell Wyant,3J Consulting,7/19/2024,52638,,7.6,pass,1,pass,Y,0,pass,0.5,pass,0.88,pass,4.8,pass,,,,,,,,,,,,6.15,pass,4.95,pass,N,pass,,pass,2.1,pass,4.95,pass,SU,1,0,pass,45,,,5.1,,pass,Y,,pass,Y,,pass,Y,turn-space,7/19/2024,{5E034002-573F-428A-8667-E1991737C065}
46,perpendicular,Nw 293rd,23885.56,,,Nw Keenon ,4,1,,,Darrell Wyant,3J Consulting,7/19/2024,52638,,7.4,pass,0.7,pass,Y,0,pass,1.2,pass,1.84,pass,5.9,fail,,,,,,,,,,,,4.85,pass,5.5,pass,N,pass,2.8,fail,,pass,4.85,pass,SY,1.4,0,pass,46,,,5.8,,pass,Y,,pass,Y,1.25,pass,Y,turn-space,7/19/2024,{914D508C-3E30-4C49-84DE-30E3881159FE}
47,perpendicular,NW 293rd,23885.56,,,NW King,1,1,Tool joint in middle of TS,,Darrell Wyant,3J Consulting,7/19/2024,52638,,3.4,pass,2.2,fail,Y,0,pass,1.3,pass,3.66,pass,6.9,fail,,,,,,,,,,,,8,pass,5.3,pass,N,pass,3,fail,,pass,5.3,pass,SU,0.1,0,pass,47,,,13.8,,pass,Y,,pass,Y,1.3,pass,Y,turn-space,7/19/2024,{D1D7533A-D113-4145-81E7-734D8A956807}
48,perpendicular,Nw 293rd,23885.56,,,Nw King,1,2,,,Darrell Wyant,3J Consulting,7/19/2024,52638,,6.7,pass,1.8,pass,Y,0,pass,0.7,pass,1,pass,2.5,pass,,,,,,,,,,,,6.5,pass,5.8,pass,N,pass,2.2,fail,,pass,5.8,pass,SY,0.7,0,pass,48,,,7.1,,pass,Y,,pass,Y,1.1,pass,Y,turn-space,7/19/2024,{0D354587-0600-4AFF-8DFF-E7F40BAD67FC}
49,perpendicular,Nw 293rd,23885.56,,,Nw King,2,1,,,Darrell Wyant,3J Consulting,7/19/2024,52638,,5.5,pass,2.4,fail,Y,0,pass,0.6,pass,2.48,pass,4.1,pass,,,,,,,,,,,,5.7,pass,5.7,pass,N,pass,2.8,fail,,pass,5.7,pass,SY,0.2,0,pass,49,,,6.85,,pass,Y,,pass,Y,1.45,pass,Y,turn-space,7/19/2024,{6C5B15D8-F743-403A-86F1-BD86B003F7D0}
50,perpendicular,Nw 293rd,23885.56,,,Nw King,2,2,Tool joint in TS,,Darrell Wyant,3J Consulting,7/19/2024,52638,,3.1,pass,1.6,pass,Y,0,pass,2,pass,2.22,pass,4,pass,,,,,,,,,,,,3.45,fail,5.65,pass,N,pass,,pass,2.6,fail,3.45,fail,SU,1.1,0,pass,50,,,6.95,,pass,Y,,pass,Y,1.6,pass,Y,turn-space,7/19/2024,{D784AA00-1AA7-4D7A-82EF-1DB56CB060CE}
51,perpendicular,Nw 293rd ,23885.56,,,Nw King,3,1,IITD RR 1 fails,,Darrell Wyant,3J Consulting,7/19/2024,52638,,,pass,,pass,Y,0,pass,1,pass,1.22,pass,4.8,pass,,,,,,,,,,,,5.8,pass,5,pass,Y,pass,1.8,pass,2,pass,5,pass,SU,1.1,0,pass,51,,,5,,pass,Y,,pass,Y,,pass,Y,none,7/19/2024,{5FB1CDFA-28D3-4B4B-8614-4FF21968B8C0}
52,perpendicular,Nw 294th,23885.56,,,Nw 293rd,1,1,IITD RR 1 Fails,,Darrell Wyant,3J Consulting,7/19/2024,52638,,,pass,,pass,Y,0,pass,1.9,pass,3.08,pass,5.5,pass,,,,,,,,,,,,5.35,pass,4.9,pass,N,pass,2.4,fail,,pass,4.9,pass,SY,0.9,0,pass,52,,,5,7.2,pass,Y,7,pass,Y,,pass,Y,turn-space,7/19/2024,{206495C2-9A1B-4190-894B-9A9E15940CB3}
53,perpendicular,Nw 294th,23885.56,,,Nw 293rd,2,1,,,Darrell Wyant,3J Consulting,7/19/2024,52638,,8.6,pass,,pass,Y,0,pass,1.3,pass,2.38,pass,6,fail,,,,,,,,,,,,5.9,pass,4.95,pass,N,pass,1.8,pass,1.9,pass,4.95,pass,SU,0.7,0,pass,53,,,5,,pass,Y,,pass,Y,,pass,Y,turn-space,7/19/2024,{E531A2F3-BFBC-456D-815C-CDE2D65F3FF3}
54,perpendicular,Nw 294th,23885.56,,,Nw 292nd,1,1,IITD RR1 fails,,Darrell Wyant,3J Consulting,7/19/2024,52638,,,pass,,pass,Y,0,pass,1.1,pass,2.24,pass,3.9,pass,,,,,,,,,,,,6,pass,4.9,pass,N,pass,,pass,2.3,fail,4.9,pass,SU,0.3,0,pass,54,,,5,,pass,Y,,pass,Y,,pass,Y,turn-space,7/19/2024,{7CC384CF-58E2-4C43-8EE6-97A4C855C17D}
55,perpendicular,Nw 294th,23885.56,,,Nw 292nd,2,1,"IITS RR1 fails, crack in TS",,Darrell Wyant,3J Consulting,7/19/2024,52638,,,pass,,pass,Y,0,pass,0.9,pass,1.78,pass,5,pass,,,,,,,,,,,,4.4,pass,6.6,pass,N,pass,1.6,pass,1.6,pass,4.4,pass,SU,0.6,0,pass,55,,,5.35,6.1,pass,Y,7.5,pass,Y,,pass,Y,turn-space,7/19/2024,{947887F6-D3A7-47EB-8D24-28696F40DAA7}
56,perpendicular,Nw King,23885.56,,,Nw 292,1,1,Tool joint in TS,,Darrell Wyant,3J Consulting,7/19/2024,52638,,7.2,pass,1.5,pass,Y,0,pass,1.2,pass,2.1,pass,5.3,pass,,,,,,,,,,,,6.4,pass,5,pass,N,pass,1.7,pass,3.1,fail,5,pass,SY,1.1,0,pass,56,,,7.2,,pass,Y,,pass,Y,1.2,pass,Y,turn-space,7/19/2024,{52D956A9-9355-4937-82BE-2501ABB45217}
57,perpendicular,Nw King,23885.56,,,Nw 292nd,1,2,Tool joint in TS,,Darrell Wyant,3J Consulting,7/19/2024,52638,,2.6,pass,1.4,pass,Y,0,pass,2.1,pass,1.88,pass,3,pass,,,,,,,,,,,,8.2,pass,4.95,pass,N,pass,2.2,fail,,pass,4.95,pass,SY,0.6,0,pass,57,,,7.45,,pass,Y,,pass,Y,1.45,pass,Y,turn-space,7/19/2024,{C098F5CC-9C42-4BF0-8A09-30C198849FF3}
58,perpendicular,Nw King,23885.56,,,Nw 292nd,2,2,,,Darrell Wyant,3J Consulting,7/19/2024,52638,,3.6,pass,1.6,pass,Y,0,pass,3.3,pass,2.78,pass,4.1,pass,,,,,,,,,,,,3.6,fail,10.84,pass,N,pass,3.8,fail,,pass,3.6,pass,SY,1.4,0,pass,58,,,6.65,,pass,Y,,pass,Y,0.95,pass,Y,turn-space,7/19/2024,{5DE7C4BE-9C82-4381-8F30-114E9E01C06B}
59,perpendicular,Nw King,23885.56,,,Nw 292nd,2,1,Tool joints in TS,,Darrell Wyant,3J Consulting,7/19/2024,52638,,8,pass,1.6,pass,Y,0,pass,1.7,pass,1.16,pass,5.1,fail,,,,,,,,,,,,4.3,pass,9.85,pass,N,pass,4.5,fail,,pass,4.3,pass,SY,2,0,pass,59,,,8,,pass,Y,,pass,Y,2.45,pass,Y,turn-space,7/19/2024,{6176EDB6-5E9C-4122-81E5-60C0F0FB43BE}
60,perpendicular,Nw King,23885.56,,,Nw 292nd,3,1,,,Darrell Wyant,3J Consulting,7/19/2024,52638,,7.1,pass,1.1,pass,Y,0,pass,0.6,pass,1.2,pass,3.7,pass,,,,,,,,,,,,7.95,pass,9.75,pass,N,pass,3.3,fail,,pass,7.95,pass,SY,0.7,0,pass,60,,,8,,pass,Y,,pass,Y,1.8,pass,Y,turn-space,7/19/2024,{C21785A2-DB91-4E5E-8930-B920F7ACA652}
61,perpendicular,Nw King,23885.56,,,Nw 292nd,3,2,Tool joins in TS,,Darrell Wyant,3J Consulting,7/19/2024,52638,,5.1,pass,1.5,pass,Y,0,pass,1.2,pass,0.8,pass,4.5,pass,,,,,,,,,,,,5.45,pass,10.55,pass,N,pass,2.4,fail,1.9,pass,,pass,SY,0.9,0,pass,61,,,7,,pass,Y,,pass,Y,0.55,pass,Y,turn-space,7/19/2024,{2416CA09-D58D-451D-8E60-F3B049038B0C}
62,perpendicular,Nw King,23885.56,,,Nw 192nd,4,2,,,Darrell Wyant,3J Consulting,7/19/2024,52638,,5.6,pass,1.9,pass,Y,0,pass,0.5,pass,0.84,pass,3.4,pass,,,,,,,,,,,,3.7,pass,5.15,pass,N,pass,0.4,pass,1.2,pass,3.7,fail,SY,0.6,0,pass,62,,,9.5,,pass,Y,,pass,Y,0.45,pass,Y,none,7/19/2024,{BA3E200F-4417-4357-8402-5D310C4D7E3A}
63,perpendicular,Nw King,23885.56,,,Nw 192nd,4,1,Toll joint in TS,,Darrell Wyant,3J Consulting,7/19/2024,52638,,5.5,pass,1.6,pass,Y,0,pass,1.6,pass,0.92,pass,1.4,pass,,,,,,,,,,,,6.5,pass,5.65,pass,N,pass,2.3,fail,2,pass,5.65,pass,SY,1.6,0,pass,63,,,10.9,,pass,Y,,pass,Y,1.15,pass,Y,turn-space,7/19/2024,{3FE09C96-16F7-42DE-8B53-32AC8FE937E5}
64,perpendicular,Nw 292nd,23885.56,,,Nw fair,1,2,Tool joints in TS,,Darrell Wyant,3J Consulting,7/19/2024,52638,,6.3,pass,1.7,pass,Y,0,pass,1.5,pass,2.2,pass,4.2,pass,,,,,,,,,,,,7,pass,4.8,pass,N,pass,2.7,fail,1.9,pass,4.8,pass,SY,0.7,0,pass,64,,,7,,pass,Y,,pass,Y,1.15,pass,Y,turn-space,7/19/2024,{C9064AAD-10AF-4E79-81DB-365EE43801EE}
65,perpendicular,Nw 292nd,23885.56,,,Nw Fair,2,2,,,Darrell Wyant,3J Consulting,7/19/2024,52638,,7.5,pass,1.4,pass,Y,0,pass,1,pass,2.86,pass,2.9,pass,,,,,,,,,,,,8,pass,5.8,pass,N,pass,,pass,3.1,fail,,pass,SY,1.6,,pass,65,,,7.5,,pass,Y,,pass,Y,1.4,pass,Y,none,7/19/2024,{C5C02A6C-0BF0-4595-8677-09DD8E01A420}
66,perpendicular,Nw 292nd,23885.56,,,Nw Fair,2,1,Tool joints in TS,,Darrell Wyant,3J Consulting,7/19/2024,52638,,4.9,pass,2.3,fail,Y,0,pass,1.3,pass,3.98,pass,4.1,pass,,,,,,,,,,,,7.4,pass,5.75,pass,N,pass,2.9,fail,,pass,,pass,SY,1,0,pass,66,,,7.6,,pass,Y,,pass,Y,1.5,pass,Y,turn-space,7/19/2024,{06F9CB22-FE26-4820-85E1-785297B3D940}
67,perpendicular,Nw 292nd,23885.56,,,Nw Fair,3,1,IITD RR1 Fails,,Darrell Wyant,3J Consulting,7/19/2024,52638,,,pass,,pass,Y,0,pass,0.3,pass,6.42,pass,6.2,fail,,,,,,,,,,,,6,pass,4.95,pass,N,pass,1.1,pass,2,pass,4.95,pass,SU,0.6,0,pass,67,,,5,,pass,Y,,pass,Y,,pass,Y,turn-space,7/19/2024,{463998A7-283A-4398-8607-1CF72A55AF1F}
68,perpendicular,Nw 292nd,23885.56,,,Nw Keenon,1,1,,,Darrell Wyant,3J Consulting,7/19/2024,52638,,2.5,pass,1.3,pass,Y,0,pass,1.5,pass,2.92,pass,3.6,pass,,,,,,,,,,,,8.2,pass,11.2,pass,N,pass,2.7,fail,,pass,,pass,SU,1.5,0,pass,68,,,7.3,,pass,Y,,pass,Y,1,pass,Y,turn-space,7/19/2024,{7D98248A-FBDF-4418-8B7C-DB09E2669BA1}
70,perpendicular,Nw 292nd,23885.56,,,Nw Keenon,1,2,,,Darrell Wyant,3J Consulting,7/19/2024,52638,,4.9,pass,1.8,pass,Y,0,pass,0.2,pass,2.78,pass,2.6,fail,,,,,,,,,,,,5.6,pass,9.35,pass,N,pass,2.7,fail,,pass,5.6,pass,SY,0.7,0,pass,70,,,7.7,,pass,Y,,pass,Y,1.2,pass,Y,turn-space,7/19/2024,{2A0F7F78-F123-4A73-8D1E-3EB540BA798C}
71,perpendicular,Nw 292nd,23885.56,,,Nw Keenon,2,2,,,Darrell Wyant,3J Consulting,7/19/2024,52638,,13.1,fail,,pass,Y,0,pass,1.9,pass,0.88,pass,5.2,pass,,,,,,,,,,,,5.8,pass,8.1,pass,N,pass,2.9,pass,,pass,5.8,pass,SY,1.4,0,pass,71,,,9.7,,pass,Y,,pass,Y,0.9,pass,Y,turn-space,7/19/2024,{336EB19D-2ACF-4822-8760-4D3F17BA1B72}
72,perpendicular,Nw 292nd,23885.56,,,Nw Keenon,2,1,TS VL greater than 1/4”,,Darrell Wyant,3J Consulting,7/19/2024,52638,,4.9,pass,1.5,pass,Y,0,pass,0.2,pass,1.26,pass,4,pass,,,,,,,,,,,,5.3,pass,8.45,pass,N,pass,,pass,2.9,fail,,pass,SU,0.9,0,pass,72,,,9.9,,pass,Y,,pass,Y,1.2,pass,Y,turn-space,7/19/2024,{F5E242A7-3BA2-4F5A-8EB1-01E260A14667}
74,perpendicular,NW 292 ave,23885.56,,,NW Keenon st,3,1,,,Darrell Wyant,3J Consulting,7/23/2024,52638,,1.3,pass,2.5,pass,Y,0,pass,1.4,pass,1.54,pass,4.4,pass,,,,,,,,,,,,5.6,pass,10.85,pass,N,pass,1.4,pass,2.4,pass,,pass,MB,0.3,,pass,Taylor,,,10.55,,pass,Y,,pass,Y,1.75,pass,Y,turn-space,7/23/2024,{FE4D6D4E-336B-4FD3-8B37-AD9001D6DE25}
75,perpendicular,Nw 292 st,23885.56,,,NW Keenon st,3,2,IITD- not full width,,Darrell Wyant,3J Consulting,7/23/2024,52638,,7.4,pass,1.4,pass,Y,0,pass,1.4,pass,2.64,pass,4.3,pass,,,,,,,,,,,,10.85,pass,5.6,pass,Y,pass,2.4,pass,1.4,pass,5.6,pass,SY,0.4,0,pass,Tay3,,,14.8,,pass,Y,,pass,Y,1.75,pass,N,turn-space,7/23/2024,{30A4DC5A-13F3-4916-81D6-6FBB07DE3DA4}
76,perpendicular,NW 292 st,23885.56,,,NW Keenon st,4,,RR1 icrr (iitd not full width),,Darrell Wyant,3J Consulting,7/23/2024,52638,,,pass,,pass,Y,0,pass,2.9,fail,1.06,pass,6,fail,,,,,,,,,,,,5.8,pass,5.6,fail,Y,pass,,pass,3.8,pass,,pass,SY,0.9,0,pass,Tay4,,,16.15,,pass,Y,,pass,Y,1.35,pass,Y,turn-space,7/23/2024,{65F6F5EC-D7E1-48E6-8D31-70E8024372E3}
77,perpendicular,NW 292 st,23885.56,,,NW Keenon st,4,2,1RR ICRR IITD not full width,,Darrell Wyant,3J Consulting,7/23/2024,52638,,,pass,,pass,Y,0.5,fail,0.5,pass,1.1,pass,2.1,pass,,,,,,,,,,,,5.6,pass,5.8,pass,N,pass,3.8,fail,,pass,,pass,SU,0.1,0,pass,T,,,16.4,,pass,Y,,pass,Y,1.55,pass,Y,turn-space,7/23/2024,{FD98055D-3EFB-4BEB-81E0-E9FDCA79A443}
78,perpendicular,Nw 291 st,23885.56,,,Nw king ave,2,1,RR1 ICRR TS tool joints ,,Darrell Wyant,3J Consulting,7/23/2024,52638,,,fail,,fail,Y,0,pass,3,pass,4.02,pass,5.9,fail,,,,,,,,,,,,,pass,,fail,N,pass,,fail,,fail,,pass,SU,0.7,,pass,T1,,,14,,pass,Y,,pass,Y,1.1,pass,Y,none,7/23/2024,{3D0ABEA7-4640-447C-8642-6F7173A7D558}
79,perpendicular,NW 291 st,23885.56,,,NW king ave,2,2,Rr1 icrr tool joints and j box in turn space,,Darrell Wyant,3J Consulting,7/23/2024,52638,,,pass,,pass,Y,0,pass,1.9,pass,4.22,pass,5.2,pass,,,,,,,,,,,,,pass,,pass,Y,pass,,fail,,fail,,pass,SY,2.6,,pass,T5,,,13.2,,pass,Y,,pass,Y,1.15,pass,Y,turn-space,7/23/2024,{1D55A748-4F8B-497E-87D0-0EBC7A2D5C44}
80,perpendicular,Nw 291 st,23885.56,,,Nw king ave,3,1,Rr1 icrr tool joints in turn space,,Darrell Wyant,3J Consulting,7/23/2024,52638,,,pass,,pass,Y,0,pass,1.5,pass,3.56,pass,5,pass,,,,,,,,,,,,,fail,,fail,N,pass,,pass,,pass,,pass,SY,1.8,,pass,T6,,,14.2,,pass,Y,,pass,Y,1.9,pass,Y,turn-space,7/23/2024,{33A20821-8AB6-452D-862D-C81542386431}
81,perpendicular,Nw 291 st,23885.56,,,Nw king ave,3,2,RR1 icrr tool joints in turn space,,Darrell Wyant,3J Consulting,7/23/2024,52638,,,pass,,pass,Y,0,pass,2.2,pass,1.9,pass,2.6,pass,,,,,,,,,,,,,pass,,pass,Y,pass,,pass,,pass,,pass,SU,0.1,,pass,T7,,,13.6,,pass,Y,,pass,Y,1.6,pass,Y,none,7/23/2024,{26B8EAF7-B7F0-4A07-8E12-A717BFCCDAD7}
82,perpendicular,Nw 291 st,23885.56,,,Nw king st,4,1,IITD ,,Darrell Wyant,3J Consulting,7/23/2024,52638,,8.2,pass,2.9,fail,Y,0,pass,1.1,pass,3.44,pass,2.6,pass,,,,,,,,,,,,6,pass,4.95,pass,Y,pass,2.6,fail,,pass,,pass,MB,0.9,,pass,82,,,5,,pass,Y,,pass,Y,,pass,Y,turn-space,7/23/2024,{C5CD5ACE-2CDB-4C5E-80E9-90BC82A7F624}
83,perpendicular,Nw 291 st,23885.56,,,Nw fair st,1,1,Tool joint in turn space rr1 icrr,,Darrell Wyant,3J Consulting,7/23/2024,52638,,,pass,,pass,Y,0,pass,2,pass,2.96,pass,3.1,pass,,,,,,,,,,,,,pass,,pass,Y,pass,,pass,,pass,,pass,SY,1.6,,pass,83,,,13.7,,pass,Y,,pass,Y,1.4,pass,Y,none,7/23/2024,{E9E7AE54-EB36-4614-8058-ADB6BBB2E658}
84,perpendicular,Nw 291 st,23885.56,,,Nw fair st,1,2,rr1 icrr *turnspace,,Darrell Wyant,3J Consulting,7/23/2024,52638,,,pass,,pass,Y,0,pass,0.6,pass,1.68,pass,4.4,pass,,,,,,,,,,,,4.7,fail,4.9,fail,Y,pass,,pass,,pass,,pass,SU,0,,pass,83b,,,12.45,,pass,Y,,pass,Y,1.8,pass,Y,turn-space,7/23/2024,{2A5D3A99-AAFC-4F16-8B4D-4ADD2C565227}
85,perpendicular,Nw 291 st,23885.56,,,Nw fair st,2,1,Rr1 icrr * turn space,,Darrell Wyant,3J Consulting,7/23/2024,52638,,,pass,,pass,Y,0,pass,0.6,pass,2.68,pass,2.8,pass,,,,,,,,,,,,4.1,pass,6.2,pass,N,pass,0.8,pass,1.2,pass,,pass,SU,0.2,,pass,84,,,12.35,,pass,Y,,pass,Y,1.4,pass,Y,none,7/23/2024,{6D973CAD-0E8B-4F61-88C8-155F96B69988}
86,perpendicular,Nw 291 st,23885.56,,,Nw fair st,2,2,Rr1 icrr *turn space,,Darrell Wyant,3J Consulting,7/23/2024,52638,,,pass,,pass,Y,0,pass,0.7,pass,6.58,pass,2.9,pass,,,,,,,,,,,,5.25,pass,5.35,pass,N,pass,0.7,pass,0.7,pass,,pass,SY,0,,pass,85,,,12.7,,pass,Y,,pass,Y,1.2,pass,Y,turn-space,7/23/2024,{1A83B0F0-30D7-4FD8-88F3-C2D3655E14C2}
87,perpendicular,Nw 291 ave,23885.56,,,Nw fair st,3,1,Turn space less than 4 ft clear width ,,Darrell Wyant,3J Consulting,7/23/2024,52638,,2.6,pass,2.1,fail,Y,0,pass,2.4,fail,1.04,pass,4.4,pass,,,,,,,,,,,,3.9,pass,5.5,pass,N,pass,,pass,,pass,,pass,SY,0.2,,pass,86,,,13.6,,pass,Y,,pass,Y,1.9,pass,Y,turn-space,7/23/2024,{D3885312-92E1-4DE5-888D-6DE481347551}
88,perpendicular,Nw 291 st,23885.56,,,Nw fair st,3,2,Turn space less than 4 clear width IITD not full width rr1 icrr,,Darrell Wyant,3J Consulting,7/23/2024,52638,,,fail,,fail,Y,0,pass,2.6,pass,1.88,pass,3,pass,,,,,,,,,,,,3.6,pass,5.55,pass,Y,pass,,pass,,pass,,pass,SU,1.4,,pass,87,,,14.2,,pass,Y,,pass,Y,1.5,pass,Y,none,7/23/2024,{01B378C3-1834-4A74-8DDD-9507E44E936C}
89,perpendicular,Nw 291 ave,23885.56,,,Nw fair st,4,1,RR1 icrr turn space less than 4’ clear width,,Darrell Wyant,3J Consulting,7/23/2024,52638,,,pass,,pass,Y,0,pass,2.1,pass,2.1,pass,2.9,pass,,,,,,,,,,,,3.85,fail,,pass,N,pass,,pass,,pass,,pass,SU,0.9,,pass,88,,,14,,pass,Y,,pass,Y,1.2,pass,Y,turn-space,7/23/2024,{70F9AC7B-14D9-4218-86A5-44FADE6A6171}
90,perpendicular,Nw 291 ave,23885.56,,,Nw fair st,4,2,Rr1 icrr *turn space,,Darrell Wyant,3J Consulting,7/23/2024,52638,,,fail,,fail,Y,0,pass,0.5,pass,1.68,pass,3.1,pass,,,,,,,,,,,,4,pass,5.4,pass,N,pass,0.8,pass,0.8,pass,,pass,SY,1.8,,pass,89,,,12.85,,pass,Y,,pass,Y,1,pass,Y,turn-space,7/23/2024,{C481C778-CBFD-4BA9-8883-9500F6FA3B29}
91,perpendicular,Nw 291 ave,23885.56,,,Nw carver st,1,2,Rr1 icrr,,Darrell Wyant,3J Consulting,7/23/2024,52638,,,fail,,fail,Y,0,pass,0.8,pass,1.56,pass,7.2,fail,,,,,,,,,,,,5.8,pass,5,pass,N,pass,1.6,pass,1.5,pass,,pass,SY,0.3,,pass,90,,,16.45,,pass,Y,,pass,Y,1.9,pass,Y,turn-space,7/23/2024,{CC233D5E-363C-4C9B-8035-89BF0B438AF9}
92,perpendicular,Nw 291 ave,23885.56,,,Nw carver st,2,1,Rr1 icrr,,Darrell Wyant,3J Consulting,7/23/2024,52638,,,fail,,fail,Y,0,pass,2,pass,0.86,pass,1.9,pass,,,,,,,,,,,,4.4,pass,5,pass,N,pass,3.1,fail,,fail,,pass,SY,2,,pass,91,,,13.9,,pass,Y,,pass,Y,1.35,pass,Y,turn-space,7/23/2024,{378D3AB2-7CDB-4213-8AEF-8DAC280BAE16}
93,perpendicular, Nw 291 ave,23885.56,,,Nw carver st,,,Rr1 icrr,,Darrell Wyant,3J Consulting,7/23/2024,52638,,,pass,,pass,Y,0,pass,0.6,pass,4.08,pass,4.8,pass,,,,,,,,,,,,5.4,pass,5,pass,N,pass,2.5,fail,,pass,,pass,SU,0.7,,pass,92,,,14.2,,pass,Y,,pass,Y,1.6,pass,Y,turn-space,7/23/2024,{143A93CE-D743-4EA5-8A45-EC28B2D1772B}
94,perpendicular,Nw 291st,24952.54,,,NW Keenon,1,1,RR1 ICRR,,Darrell Wyant,3J Consulting,7/30/2024,52638,,,,13.6,,,,,,1.9,fail,5.22,pass,2.8,pass,1.6,pass,Y,turn-space,3.7,fail,5,pass,N,,,,,,,pass,Y,,pass,Y,3.7,fail,SY,1.5,0,,94,,,,,,,,,,,,,,7/30/2024,{4C290882-D5FF-41C9-89DA-54A3F342F089}
95,perpendicular,Nw 291st,24952.54,,,Nw Keenon,1,2,,,Darrell Wyant,3J Consulting,7/30/2024,52638,,2.3,pass,13.25,2.3,fail,Y,0,pass,1.9,pass,2.52,pass,3.3,pass,1.45,pass,Y,turn-space,2.4,fail,5.4,pass,N,,,,,,,pass,Y,,pass,Y,2.4,fail,SU,0.7,0,,95,,,,,,,,,,,,,,7/30/2024,{19F9D0FB-89B9-4572-8467-1797D4BF4BF5}
96,perpendicular,Nw 291st,24952.54,,,Nw Keenon,midblock,1,IITD,,Darrell Wyant,3J Consulting,7/30/2024,52638,,10.8,fail,5,,,Y,0,,0.6,,2.42,pass,3.2,pass,0,fail,Y,none,5.2,pass,5,pass,N,pass,0.6,pass,2,pass,,pass,Y,,pass,Y,5.2,pass,SU,2.3,0,pass,96,,,,,,,,,,,,,,7/30/2024,{F5B6EF6B-F3D1-42EF-8CA1-9DE7508D5033}
97,perpendicular,Nw 291st,24952.54,,,Nw Keenon,4,1,RR1 ICRR,,Darrell Wyant,3J Consulting,7/30/2024,52638,,,,11.3,,,Y,0,pass,1.2,,1.24,,3,pass,1.4,pass,Y,turn-space,4.1,pass,5.1,pass,N,pass,1.9,pass,1.5,pass,,pass,Y,,pass,Y,4.1,pass,SY,0.8,0,pass,97,,,,,,,,,,,,,,7/30/2024,{E9327D07-2E88-4FF8-8FD7-1FCC04548682}
98,perpendicular,NW 290th ,24952.54,,,NW King ,1,1,RR1 ICRR,,Darrell Wyant,3J Consulting,7/30/2024,52638,,,,13.55,,,Y,0,,1.8,,2.62,,4.4,pass,1.4,pass,Y,turn-space,3.45,fail,5.55,pass,N,pass,,,,,,pass,Y,,pass,Y,,,SY,2.2,0,pass,98,,,,,,,,,,,,,,7/30/2024,{4A2933DE-9ADD-4016-8045-7BA87D250B55}
99,perpendicular,NW 209th,24952.54,,,NW King,1,2,RR1 ICRR,,Darrell Wyant,3J Consulting,7/30/2024,52638,,,,14,,,Y,0,pass,1.7,pass,3.3,,6.9,fail,1.2,pass,Y,none,4.9,pass,5,pass,N,pass,0.8,pass,1.9,pass,,pass,Y,,pass,Y,4.9,pass,SU,1,0,pass,99,,,,,,,,,,,,,,7/30/2024,{4368B7A3-2097-4B79-8A38-B825256981AC}
100,perpendicular,NW 209th,24952.54,,,Nw King,midblock,1,,,Darrell Wyant,3J Consulting,7/30/2024,52638,,8.6,fail,4.95,,,Y,0,,0.8,,8.52,fail,1,pass,0,pass,Y,turn-space,6.15,pass,4.95,pass,N,pass,,,2.5,fail,,pass,Y,,pass,Y,4.95,pass,SU,0.9,0,,100,,,,,,,,,,,,,,7/30/2024,{BB6164AF-733E-40CA-821E-FE026E0CEB7C}
101,perpendicular,NW 209th,24952.54,,,NW King,4,2,"RR1 ICRR, RO Vertical Drop",,Darrell Wyant,3J Consulting,7/30/2024,52638,,,,11.75,,,Y,0,,0.2,,2.22,,4.9,pass,1.4,pass,Y,turn-space,4.23,pass,6.1,pass,Y,fail,,,,,,pass,Y,,pass,Y,6.1,pass,SY,0.4,0,pass,101,,,,,,,,,,,,,,7/30/2024,{EA2A8CDD-6B81-4F1B-85A5-0AD5164694E4}
102,perpendicular,NW Kaye,24952.54,,,NW Fair,midblock,1,"RR1 ICRR,",,Darrell Wyant,3J Consulting,7/30/2024,52638,,,,10.95,,,Y,0,pass,1,pass,6.88,pass,4.6,pass,0,pass,Y,turn-space,5,pass,4.5,pass,N,pass,,,2.5,fail,,pass,Y,,pass,Y,4.5,pass,SU,0.1,0,pass,102,,,,,,,,,,,,,,7/30/2024,{202C71F0-066F-4F64-8D97-8A168EE2C057}
103,perpendicular,NW Kaye,24952.54,,,NW Fair,3,1,"IITD, RR1 ICRR",,Darrell Wyant,3J Consulting,7/30/2024,52638,,,,19.6,,,Y,0,pass,1.5,pass,3.64,,6.1,fail,,pass,Y,turn-space,6,pass,7.5,pass,N,pass,,,2.2,fail,,pass,Y,,pass,Y,6,pass,SU,1.8,0,pass,103,,,,,,,,,,,,,,7/30/2024,{B92408BD-B02E-441C-86AA-773670ECA0EC}
104,perpendicular,NW Kaye,24952.54,,,NW Fair,3,2,RR1 ICRR,,Darrell Wyant,3J Consulting,7/30/2024,52638,,,,21.2,,,Y,0,pass,1.2,pass,8.2,pass,3.6,pass,0.55,pass,Y,none,6.7,pass,6.9,pass,N,pass,1.2,pass,1.1,pass,,pass,Y,,pass,Y,6.7,pass,SY,0.1,0,pass,104,,,,,,,,,,,,,,7/30/2024,{DD99149E-D7E7-4C6C-88C3-CA02DCF31AD3}
105,perpendicular,NW Kaye,24952.54,,,NW Fair,4,1,RR1 ICRR,,Darrell Wyant,3J Consulting,7/30/2024,52638,,,,9,,,Y,0,pass,3,,1.88,,3.5,pass,0.35,pass,Y,turn-space,5,pass,2.95,fail,N,fail,,,,,,pass,Y,,pass,Y,2.95,fail,SY,2,0,pass,105,,,,,,,,,,,,,,7/30/2024,{F459139F-C9D4-4EA5-85B7-E321AABA4E90}
106,perpendicular,Nw Kaye,24952.54,,,NW King,midblock,,"RR1 ICRR, IITD",,Darrell Wyant,3J Consulting,7/30/2024,52638,,,,10.9,,,Y,0,pass,0.4,pass,5.08,pass,2.3,pass,0,pass,Y,none,5,pass,5,pass,N,pass,,,3.3,fail,,pass,Y,,pass,Y,,,SU,0.2,0,pass,106,,,,,,,,,,,,,,7/30/2024,{930C14CB-21B6-4D26-894C-7CD0D8FAB56F}
107,perpendicular,NW Kaye,24952.54,,,Nw King,3,1,RR1 ICRR,,Darrell Wyant,3J Consulting,7/30/2024,52638,,,,9.9,,,Y,0,pass,0.4,,3.58,,4.6,pass,1,pass,Y,none,3.2,fail,5.2,pass,N,pass,,,,,,pass,Y,,pass,Y,3.2,fail,SY,0.2,0,pass,107,,,,,,,,,,,,,,7/30/2024,{B62D3678-02DB-4CD2-803C-F9F11868F448}
108,perpendicular,NW Kaye,24952.54,,,NW King,4,1,RR1 ICRR,,Darrell Wyant,3J Consulting,7/30/2024,52638,,,,10.5,,,Y,0,pass,3.1,fail,9.44,fail,6.4,fail,0.4,pass,Y,turn-space,4.35,pass,5.9,pass,N,pass,2.3,fail,,,,pass,Y,,pass,Y,4.35,pass,SY,3,0,pass,108,,,,,,,,,,,,,,7/30/2024,{9C4BC7AC-68D0-4A7B-80EE-E795350C48DD}
109,perpendicular,Nw Kaye,24952.54,,,NW King,4,2,RR1 ICRR,,Darrell Wyant,3J Consulting,7/30/2024,52638,,,,10.8,,,Y,0,pass,2.3,,6.22,pass,5.6,fail,1.2,pass,Y,none,4.35,pass,5.6,pass,N,pass,,,2.4,fail,,pass,Y,,pass,Y,4.35,pass,SU,1.6,0,pass,109,,,,,,,,,,,,,,7/30/2024,{171B8668-324C-4764-88EA-D90D1A12474C}
110,perpendicular,Nw 289th,24952.54,,,Nw Kaye,1,1,"RR1 ICRR, IITD",,Darrell Wyant,3J Consulting,7/30/2024,52638,,,,11.2,,,Y,0,pass,1,pass,0.8,pass,5.2,fail,,pass,Y,turn-space,4.5,pass,5.1,pass,N,,2.2,fail,,,,pass,Y,,pass,Y,4.5,pass,SY,1.7,0,pass,110,,,,,,,,,,,,,,7/30/2024,{85A62B1E-F82B-4A98-8575-C53B4795D96B}
111,perpendicular,Nw 289th,24952.54,,,Nw Kaye,4,2,"RR1 ICRR, IITD",,Darrell Wyant,3J Consulting,7/30/2024,52638,,1.35,pass,10.85,,,Y,0,pass,1.9,pass,4.34,pass,3.6,pass,1.35,pass,N,turn-space,4.65,pass,5,pass,N,pass,1.5,pass,1.1,pass,,pass,Y,,pass,Y,,,SY,1.2,0,pass,111,,,,,,,,,,,,,,7/30/2024,{47F021CA-16ED-4616-8F55-5A3BB42B623D}
112,perpendicular,Nw Kaye,24952.54,,,Nw Shaddon,1,1,RR1 ICRR,,Darrell Wyant,3J Consulting,7/30/2024,52638,,,,10.9,,,Y,0,pass,0.5,,5.2,pass,3.7,pass,0.85,pass,Y,none,4.1,pass,5.65,pass,N,,1.5,pass,1.9,pass,,pass,Y,,pass,Y,4.1,pass,SU,0.6,0,pass,112,,,,,,,,,,,,,,7/30/2024,{4DBF86C5-1FAD-421D-8C23-A81DDC3939AE}
113,perpendicular,Nw Kaye,24952.54,,,Nw Shaddon,1,2,RR1 ICRR,,Darrell Wyant,3J Consulting,7/30/2024,52638,,,,11.3,,,Y,0,pass,1.3,pass,1.56,pass,3.7,pass,0.75,pass,Y,turn-space,5.2,pass,5.75,pass,N,pass,1.2,pass,1.3,pass,,pass,Y,,pass,Y,5.2,pass,SY,0,0,pass,113,,,,,,,,,,,,,,7/30/2024,{DA90884C-024F-4F58-8534-86207DAC7195}
114,perpendicular,Nw Kaye,24952.54,,,Nw Shaddon,,,RR1 ICRR,,Darrell Wyant,3J Consulting,7/30/2024,52638,,,,10.7,,,Y,0,pass,1,,2.22,,4.5,pass,0.65,pass,Y,turn-space,4.1,pass,5,pass,N,pass,1.2,pass,1.7,pass,,pass,Y,,pass,Y,,,SY,0.7,0,pass,114,,,,,,,,,,,,,,7/30/2024,{F1446D68-5941-4BCB-80CC-788FA0E7F609}
115,perpendicular,,24952.54,,,,midblock,,RR1 ICRR,,Darrell Wyant,3J Consulting,7/30/2024,52638,,,,11.15,,,Y,0,pass,1.3,,4.58,pass,5.2,fail,0.35,pass,Y,turn-space,4.8,pass,4.95,pass,N,pass,,,2.3,fail,,pass,Y,,pass,Y,4.8,pass,SU,0.9,0,pass,115,,,,,,,,,,,,,,7/30/2024,{AD9805B7-FB72-4D95-8CC7-2E3D8920829F}
116,parallel,NW Curtis St,23885.56,1,,NW Highland Ct,3,1,IITD,,Darrell Wyant,3J Consulting,7/2/2024,52638,,2.7,fail,2.1,fail,N,0,pass,1.6,pass,4.6,pass,7.3,fail,Y,8.1,pass,6,1.8,pass,8,pass,7.3,1.3,pass,5,pass,4.9,pass,N,pass,2.7,fail,2.1,fail,5,pass,SY,0.2,,pass,,,,,,,,,,,,,,,7/2/2024,{4F0D0DB7-3EB2-4AD5-81FB-286620F1BA72}
117,parallel,NW Curtis St,23885.56,2,,NW Highland Ct,2,1,IITD,,Darrell Wyant,3J Consulting,7/2/2024,52638,,1.4,pass,3.6,fail,N,0,pass,1.5,pass,3.42,pass,3.4,pass,Y,9.4,fail,8,3.2,fail,6.1,pass,7.5,2.1,fail,5,pass,5,pass,N,pass,1.4,pass,3.6,fail,5,pass,SY,1.3,,pass,,,,,,,,,,,,,,,7/2/2024,{16591897-E82E-417F-8DDE-AEB1DEB52D47}
119,parallel,NW 307th Ave,23885.56,3,,NW Highland Ct,3,1,IITD,,Darrell Wyant,3J Consulting,7/2/2024,52638,,2.2,pass,14.1,fail,N,0,pass,12.6,fail,7.1,pass,6.4,fail,Y,18,fail,7.8,2,pass,5.4,pass,7.4,1.5,pass,5,pass,5,pass,N,pass,2.2,fail,14.1,fail,5,pass,SY,10.8,,pass,,,,,,,,,,,,,,,7/2/2024,{4767EC99-B5A9-4317-B375-6C22D827EDDA}
120,combination,NW 307th Ave,23885.56,4,,NW Highland Ct,2,1,TD,,Darrell Wyant,3J Consulting,7/2/2024,52638,,7.4,pass,2.9,fail,Y,0,pass,1.8,pass,9.98,fail,5.7,fail,,5.7,fail,4.75,2.8,fail,17.5,fail,5.5,1.7,pass,3.55,pass,5.2,fail,N,pass,3.3,fail,1.4,pass,3.55,fail,SY,1.6,,pass,,,,3.5,4.8,pass,Y,13.1,fail,Y,,,,,7/2/2024,{2CFD9BC7-10B7-4F18-A2E4-C2DBF1E77BC4}
121,perpendicular,NW 307th Ave,23885.56,5,,NW Highland Ct,4,1,TD,,Darrell Wyant,3J Consulting,7/2/2024,52638,,1.8,pass,1.5,pass,Y,0.375,fail,1.4,pass,1,pass,1.8,pass,,,,,,,,,,,,3.9,fail,5,pass,Y,pass,0.9,pass,1.3,pass,,pass,SY,2.3,,pass,,,,4.75,1.6,pass,Y,3.6,pass,Y,,,,,7/2/2024,{F0419E66-C03B-4AD5-A1BD-A8BD99A525F4}
122,combination,NW 307th Ave,23885.56,6,,NW Bartlett Lp,1,1,TD,,Darrell Wyant,3J Consulting,7/2/2024,52638,,8.5,fail,1.5,pass,Y,0,pass,0.3,pass,5.22,pass,5.8,fail,,8.8,fail,5.5,1.9,pass,4,pass,4.75,2.3,fail,2.4,fail,5.2,pass,N,pass,3.1,fail,1.1,pass,,pass,SY,0.8,,pass,,,,3.5,11.2,fail,Y,2.7,pass,Y,,,,,7/2/2024,{CC14AA99-EAFB-40B7-9F31-87CF3D3B4492}
123,combination,NW 307th Ave,23885.56,7,,NW Bartlett Lp,2,1,TD,,Darrell Wyant,3J Consulting,7/2/2024,52638,,6.6,pass,1.6,pass,Y,0.5,fail,0.7,pass,3.5,pass,6.1,fail,,0.8,pass,5.65,2.4,fail,0.7,pass,4.6,1.7,pass,5,pass,3.8,fail,N,pass,1.1,pass,1.9,pass,3.8,fail,SY,0,,pass,,,,3.5,4.8,pass,Y,5,pass,Y,,pass,Y,,7/2/2024,{83983623-81BA-4668-8F3D-6E5E5EAC6A80}
124,perpindicular,NW Curtis St,23885.56,8,,La Mortin Park,1,1,IITD,,Darrell Wyant,3J Consulting,7/2/2024,52638,,8.2,pass,1.9,pass,N,0,pass,0.9,pass,3.96,pass,5.4,fail,,,,,,,,,,,,5,pass,5,pass,N,pass,1.6,pass,1.7,pass,5,pass,SU,0.3,,pass,,,,3.9,5.3,pass,Y,6.7,pass,Y,,pass,Y,turn-space,7/2/2024,{E49AC7AC-407F-424F-BFA3-158ABDC186A3}
,,,,,,,,,,,,,,,,,,,,,,,,,,,,,,,,,,,,,,,,,,,,,,,,,,,,,,,,,,,,,,,,,,,,,,,{6C013526-1BF1-4906-8816-FBDFDF5B58E2}
,,,,,,,,,,,,,,,,,,,,,,,,,,,,,,,,,,,,,,,,,,,,,,,,,,,,,,,,,,,,,,,,,,,,,,,{0088C277-E335-48EB-A2A6-AAD807F1768D}
